
insert into departments values('Cardiology', '1st floor', '+974-98-96-96-69');
insert into departments values('Neurology', '2nd floor', '+974-93-96-96-69');
insert into departments values('Oncology', '2nd floor', '+974-91-96-96-69');
insert into departments values('Rheumatology', '1st floor', '+974-77-96-96-69');

insert into doctors values (1, 'Arsen','Armeni','Aleqsanyan', '1972-08-09', 'M', 'arsen@mail.ru', 'Yerevan','Komitas','55/5', 1, '+374-98-85-96-36',  "https://react.semantic-ui.com/images/avatar/large/elliot.jpg",'Cardiology');
insert into doctors values (2, 'Anna','Arturi','Madoyan', '1990-08-09', 'F', 'anna@mail.ru', 'Yerevan','Barekamutyun','15', 1, '+374-98-85-66-36', "https://gk-graf.ru/static//images/rachel.png", 'Cardiology');
insert into doctors values (3, 'Ani','Arturi','Atoyan', '1989-08-09', 'F', 'ani@mail.ru', 'Yerevan','Barekamutyun','16', 5, '+374-98-01-66-36', "https://encrypted-tbn0.gstatic.com/images?q=tbn%3AANd9GcSRYVuEF_pGJZUoQe3YnabhqA1SmxvPy0HHjdjRP2TyQ_6jaOwH&usqp=CAU",'Neurology');
insert into doctors values (4, 'Hayk','Levoni','Atoyan', '1988-08-09', 'M', 'hayk@mail.ru', 'Yerevan','Baghramyan','16', 6, '+374-98-28-66-36', "https://encrypted-tbn0.gstatic.com/images?q=tbn%3AANd9GcTURs4_pVZGngGi8Tl4r9__Uj4CDGp-pHWplPyojo0zcmuqWT_j&usqp=CAU",'Oncology');
insert into doctors values (5, 'Sona','Armeni','Arakelyan', '1978-08-09', 'F', 'sona@mail.ru', 'Yerevan','Baghramyan','18', 5, '+374-98-28-88-36',"https://semantic-ui.com/images/avatar2/large/kristy.png" ,'Rheumatology');
insert into doctors values (6, 'Armen','Arseni','Tovmsyan', '1973-01-09', 'M', 'ararmen@mail.ru', 'Yerevan','Komitas','56/5', 1, '+374-98-87-06-06', "https://semantic-ui-forest.com/rootstatic/themes/static/images/avatar/large/justen.jpg" ,'Cardiology');
insert into doctors values (7, 'Gayane','Arturi','Stepanyan', '1980-07-09', 'F', 'gayane55@mail.ru', 'Yerevan','Barekamutyun','16', 6, '+374-93-05-60-06', "https://encrypted-tbn0.gstatic.com/images?q=tbn%3AANd9GcR1MPHaF3t3CyD7gWOU1gRLoWdgAHgZpvp3lSbQduEqMCicMdWz&usqp=CAU", 'Cardiology');
insert into doctors values (8, 'Gohar','Kareni','Poghosyan', '1982-02-19', 'F', 'gohar11@mail.ru', 'Yerevan','Amiryan','16', 3, '+374-98-08-00-86', "https://semantic-ui.com/images/avatar/large/laura.jpg",'Cardiology');
insert into doctors values (9, 'Astghik','Aleksani','Karapetyan', '1979-03-29', 'F', 'astast1979@mail.ru', 'Yerevan','Barekamutyun','18', 6, '+374-93-55-62-06',"https://encrypted-tbn0.gstatic.com/images?q=tbn:ANd9GcTwP8fFRv_hfFzheU4N9O31hgKPpL5IgLIMUsKvWW9ekg_MfVh-tQ&s", 'Cardiology');
insert into doctors values (10, 'Zaven','Kareni','Madoyan', '1991-03-11', 'M', 'zavzav11@mail.ru', 'Yerevan','Moskovyan','20', 4, '+374-77-11-26-56', "https://playjoor.com/assets/avatar/mark.png" ,'Neurology');
insert into doctors values (11, 'Naira','Hayki','Keryan', '1992-04-12', 'F', 'naira1992@gmail.com', 'Hrazdan','Myasnikyan','10', 5, '+374-93-12-26-26', "https://encrypted-tbn0.gstatic.com/images?q=tbn%3AANd9GcR1MPHaF3t3CyD7gWOU1gRLoWdgAHgZpvp3lSbQduEqMCicMdWz&usqp=CAU" ,'Neurology');
insert into doctors values (12, 'Vanik','Arseni','Antonyan', '1989-04-18', 'M', 'vanik89@mail.ru', 'Yerevan','Komitas','12', 1, '+374-77-00-20-52', "https://ris.icc.ru/plugins/bree7e/cris/assets/images/man.png" ,'Neurology');
insert into doctors values (13, 'Lena','Arnaki','Hayrapetyan', '1980-05-01', 'F', 'lenlena@gmail.com', 'Yerevan','Moskovyan','10', 2, '+374-55-10-20-56',  "https://semantic-ui.com/images/avatar2/large/kristy.png",'Neurology');
insert into doctors values (14, 'Zabel','Zaveni','Zakaryan', '1988-03-21', 'F', 'zabel88@mail.ru', 'Yerevan','Barekamutyun','08', 15, '+374-55-18-25-55', "https://encrypted-tbn0.gstatic.com/images?q=tbn%3AANd9GcSRYVuEF_pGJZUoQe3YnabhqA1SmxvPy0HHjdjRP2TyQ_6jaOwH&usqp=CAU",'Neurology');
insert into doctors values (15, 'Hayk','Arseni','Atoyan', '1988-07-11', 'M', 'haykars@mail.ru', 'Yerevan','Baghramyan','18', 10, '+374-98-08-18-36', "https://bain.design/wp-content/uploads/2013/03/People-Avatar-Set-Rectangular-18.jpg" ,'Oncology');
insert into doctors values (16, 'Haykuhi','Levoni','Karapetyan', '1978-06-18', 'F', 'haykuhi78@mail.ru', 'Yerevan','Baghramyan','17', 11, '+374-98-28-08-38',  "https://simhub.github.io/justFlipIt/img/jenny.jpg",'Oncology');
insert into doctors values (17, 'Armenuhi','Karapeti','Marzpetyan', '1977-05-13', 'F', 'arm7713@mail.ru', 'Hrazdan','Spandaryan','11', 10, '+374-98-88-88-36',"https://i.pinimg.com/236x/c6/0f/cb/c60fcb0be09e491814a8f4253973a83b.jpg", 'Oncology');
insert into doctors values (18, 'Hasmik','Marzpeti','Papoyan', '1973-02-28', 'F', 'has7302@mail.ru', 'Yerevan','Sayat-Nova','18', 8, '+374-55-00-08-46',"https://react.semantic-ui.com/images/avatar/large/ade.jpg" ,'Oncology');
insert into doctors values (19, 'Henrik','Gameli','Aleksanyan', '1990-05-19', 'M', 'henheno@gmail.com', 'Yerevan','Tumanyan','15', 2, '+374-98-56-17-35',  "https://cdn.dribbble.com/users/360885/screenshots/7057546/image.png",'Oncology');
insert into doctors values (20, 'Sona','Henriki','Sargsyan', '1977-10-22', 'F', 'sonason77@mail.ru', 'Yerevan','Tumanyan','10', 5, '+374-93-21-82-31', "https://gk-graf.ru/static//images/rachel.png",'Rheumatology');
insert into doctors values (21, 'Suren','Sargisi','Arakelyan', '1976-09-13', 'M', 'sur76@mail.ru', 'Yerevan','Sayat-Nova','12', 6, '+374-93-22-91-31',"https://encrypted-tbn0.gstatic.com/images?q=tbn%3AANd9GcTURs4_pVZGngGi8Tl4r9__Uj4CDGp-pHWplPyojo0zcmuqWT_j&usqp=CAU" ,'Rheumatology');
insert into doctors values (22, 'Sargis','Gori','Stepanyan', '1971-07-16', 'M', 'sargissargis@mail.ru', 'Yerevan','Amiryan','15', 3, '+374-93-23-31-31',"https://semantic-ui.com/images/avatar/large/chris.jpg", 'Rheumatology');
insert into doctors values (23, 'Gor','Stepani','Narimanyan', '1987-06-15', 'M', 'gor877@gmail.com', 'Yerevan','Komitas','25', 2, '+374-93-41-81-33',  "https://athityakumar.github.io/assets/images/dp.png",'Rheumatology');
insert into doctors values (24, 'Stepan','Levoni','Hovsepyan', '1987-03-25', 'M', 'stepan870325@gmail.com', 'Yerevan','Sayat-Nova','12', 1, '+374-93-51-01-31', "https://core360.com.br/shop/skin/frontend/base/default/lib/jlukic_semanticui/examples/assets/images/avatar/tom.jpg", 'Rheumatology');



insert into head_doctors values(1,'Cardiology');
insert into head_doctors values(3,'Neurology');
insert into head_doctors values(4,'Oncology');
insert into head_doctors values(5,'Rheumatology');


insert into nurses values (1, 'Alvard','Armeni','Sargsyan', '1999-08-09', 'F', 'alvard@mail.ru', 'Yerevan','Baghramyan','8',  '+374-91-85-66-36', "https://encrypted-tbn0.gstatic.com/images?q=tbn:ANd9GcShT3hEQhN8l0KejeNcxJz6_SY1sLv2d7HhE2KVCdD2f7DRueoi&s");
insert into nurses values (2, 'Ani','Armeni','Antonyan', '1989-08-09', 'F', 'ani12@mail.ru', 'Yerevan','Komitas','12',  '+374-91-01-66-36', "https://semantic-ui.com/images/avatar2/large/kristy.png");
insert into nurses values (3, 'Artur','Armeni','Antonyan', '1986-08-09', 'M', 'artart111@mail.ru', 'Yerevan','Komitas','66',  '+374-93-44-66-36' , "https://semantic-ui-forest.com/rootstatic/themes/static/images/avatar/large/justen.jpg");
insert into nurses values (4, 'Tatev','Arseni','Stepanyan', '1988-07-09', 'F', 'tatev@mail.ru', 'Yerevan','Arami','7',  '+374-77-22-36-36', "https://encrypted-tbn0.gstatic.com/images?q=tbn:ANd9GcRqmfKz2xfSV03BB64gH-iEeKvr43tJIbSZl6rFlzONX2tJldvi8A&s");
insert into nurses values (5, 'Anna','Armeni','Stepayan', '1990-08-09', 'F', 'annann@mail.ru', 'Yerevan','Komitas','5',  '+374-93-85-67-36', "https://encrypted-tbn0.gstatic.com/images?q=tbn%3AANd9GcSRYVuEF_pGJZUoQe3YnabhqA1SmxvPy0HHjdjRP2TyQ_6jaOwH&usqp=CAU");
insert into nurses values (6, 'Alvard','Arseni','Antonyan', '1979-08-09', 'F', 'alsarg@gmail.com', 'Yerevan','Amiryan','6',  '+374-91-81-66-36', "https://semantic-ui.com/images/avatar2/large/kristy.png");
insert into nurses values (7, 'Sipan','Sargisi','Karapetyan', '1985-08-09', 'M', 'stepstep@mail.ru', 'Yerevan','Arami','12',  '+374-93-48-66-36', "https://core360.com.br/shop/skin/frontend/base/default/lib/jlukic_semanticui/examples/assets/images/avatar/tom.jpg");
insert into nurses values (8, 'Levon','Stepani','Margaryan', '1978-07-09', 'M', 'levlev@mail.ru', 'Yerevan','Baghramyan','55',  '+374-77-22-29-16', "https://encrypted-tbn0.gstatic.com/images?q=tbn%3AANd9GcTURs4_pVZGngGi8Tl4r9__Uj4CDGp-pHWplPyojo0zcmuqWT_j&usqp=CAU");
insert into nurses values (9, 'Sveta','Marzpeti','Asatryan', '1992-08-09', 'F', 'sveta92@gmail.com', 'Yerevan','Komitas','23',  '+374-91-95-63-36', "https://gk-graf.ru/static//images/rachel.png");
insert into nurses values (10, 'Marianna','Arami','Amyan', '1986-08-09', 'F', 'marmar86@gmail.com', 'Yerevan','Amiryan','3',  '+374-93-01-66-38', "https://encrypted-tbn0.gstatic.com/images?q=tbn%3AANd9GcR1MPHaF3t3CyD7gWOU1gRLoWdgAHgZpvp3lSbQduEqMCicMdWz&usqp=CAU");
insert into nurses values (11, 'Marieta','Gori','Martirosyan', '1976-08-09', 'F', 'marieta25@mail.ru', 'Yerevan','Sayat-Nova','4',  '+374-93-44-60-36', "https://semantic-ui.com/images/avatar2/large/kristy.png");
insert into nurses values (12, 'Tatev','Hamleti','Tsarukyan', '1988-07-09', 'F', 'tatevtatev88@gmail.com', 'Yerevan','Amiryan','8',  '+374-77-23-36-38', "https://encrypted-tbn0.gstatic.com/images?q=tbn%3AANd9GcSRYVuEF_pGJZUoQe3YnabhqA1SmxvPy0HHjdjRP2TyQ_6jaOwH&usqp=CAU");
insert into nurses values (13, 'Marat','Roberti','Sargsyan', '1989-08-09', 'M', 'murad98@mail.ru', 'Yerevan','Barekamutyun','25',  '+374-93-85-86-36', "https://ris.icc.ru/plugins/bree7e/cris/assets/images/man.png");
insert into nurses values (14, 'Hamlet','Muradi','Movsisyan', '1985-08-09', 'M', 'hamletham@gmail.com', 'Yerevan','Tumanyan','26',  '+374-91-21-66-36', "https://encrypted-tbn0.gstatic.com/images?q=tbn%3AANd9GcQ9OroHCQ4Fu3mmdSnKyZHyRnnE57yrBQE0xBmQOKHxLaXaqxyu&usqp=CAU");
insert into nurses values (15, 'Robert','Armeni','Antonyan', '1981-08-09', 'M', 'robrob13@gmail.com', 'Yerevan','Sayat-Nova','3',  '+374-93-44-96-36', "https://react.semantic-ui.com/images/avatar/large/elliot.jpg");
insert into nurses values (16, 'Karine','Alberti','Xurshudyan', '1982-07-09', 'F', 'karkar82@mail.ru', 'Yerevan','Arami','10',  '+374-98-32-36-33', "https://gk-graf.ru/static//images/rachel.png");

insert into  doctors_nurses values(1,1);
insert into  doctors_nurses values(1,2);
insert into  doctors_nurses values(2,3);
insert into  doctors_nurses values(3,3);
insert into  doctors_nurses values(3,2);
insert into  doctors_nurses values(4,4);
insert into  doctors_nurses values(4,5);
insert into  doctors_nurses values(5,2);
insert into  doctors_nurses values(5,7);
insert into  doctors_nurses values(6,3);
insert into  doctors_nurses values(7,2);
insert into  doctors_nurses values(8,4);
insert into  doctors_nurses values(9,6);
insert into  doctors_nurses values(10,9);
insert into  doctors_nurses values(11,3);
insert into  doctors_nurses values(12,5);
insert into  doctors_nurses values(13,2);
insert into  doctors_nurses values(14,4);
insert into  doctors_nurses values(15,8);
insert into  doctors_nurses values(16,13);
insert into  doctors_nurses values(17,3);
insert into  doctors_nurses values(19,2);
insert into  doctors_nurses values(20,14);
insert into  doctors_nurses values(20,11);
insert into  doctors_nurses values(20,15);
insert into  doctors_nurses values(21,12);
insert into  doctors_nurses values(22,16);
insert into  doctors_nurses values(23,11);
insert into  doctors_nurses values(24,10);


insert into patients values(1, 'Silva','Karapelyan', '1998-08-09', 'F', 'silsil@mail.ru', 'Yerevan','Moskovyan','5',  '+374-98-85-66-30', "https://semantic-ui.com/images/avatar2/large/lindsay.png");
insert into patients values(2, 'Sona','Qocharyan', '1978-08-09', 'F', 'sonson1@mail.ru', 'Yerevan','Tumanyan','15',  '+374-77-85-16-46', "https://encrypted-tbn0.gstatic.com/images?q=tbn:ANd9GcShT3hEQhN8l0KejeNcxJz6_SY1sLv2d7HhE2KVCdD2f7DRueoi&s");
insert into patients values(3, 'Shushanna','Arakelyan', '1971-08-09', 'F', 'sh22@mail.ru', 'Yerevan','Komitas','7',  '+374-91-80-66-96', "https://gk-graf.ru/static//images/rachel.png");
insert into patients values(4, 'Nara','Antonyan', '1990-08-09', 'F', 'nara12@mail.ru', 'Yerevan','Amiryan','8',  '+374-93-85-60-36', "https://encrypted-tbn0.gstatic.com/images?q=tbn:ANd9GcRqmfKz2xfSV03BB64gH-iEeKvr43tJIbSZl6rFlzONX2tJldvi8A&s");
insert into patients values(5, 'Zaven','Aleqsanyan', '1988-08-09', 'M', 'zav@mail.ru', 'Yerevan','Sayat-Nove','9',  '+374-98-85-70-33', "https://semantic-ui-forest.com/rootstatic/themes/static/images/avatar/large/justen.jpg");
insert into patients values(6, 'Arman','Sargsyan', '1990-08-09', 'M', 'armarm@mail.ru', 'Yerevan','Arami','55',  '+374-98-85-86-26', "https://encrypted-tbn0.gstatic.com/images?q=tbn%3AANd9GcTURs4_pVZGngGi8Tl4r9__Uj4CDGp-pHWplPyojo0zcmuqWT_j&usqp=CAU");
insert into patients values(7, 'Meri','Aleksanyan', '1998-08-02', 'F', 'silsil9808@mail.ru', 'Yerevan','Komitas','13',  '+374-98-00-66-30',"https://encrypted-tbn0.gstatic.com/images?q=tbn%3AANd9GcSRYVuEF_pGJZUoQe3YnabhqA1SmxvPy0HHjdjRP2TyQ_6jaOwH&usqp=CAU");
insert into patients values(8, 'Hamlet','Qocharyan', '1978-07-03', 'M', 'h197803@mail.ru', 'Yerevan','Amiryan','5',  '+374-77-85-03-46', "https://playjoor.com/assets/avatar/joe.jpg");
insert into patients values(9, 'Arsine','Karapetyan', '1972-06-04', 'F', 'shsh72@mail.ru', 'Yerevan','Tumanyan','25',  '+374-91-80-03-96', "https://semantic-ui.com/images/avatar2/large/kristy.png");
insert into patients values(10, 'Nara','Sargsyan', '1988-01-05', 'F', 'narnara@mail.ru', 'Yerevan','Amiryan','26',  '+374-93-85-62-26', "https://encrypted-tbn0.gstatic.com/images?q=tbn:ANd9GcTY1IXKXEldmPwO_3pHMIjEd6RRKVHYxZBfNMUaTaUhAx5ACFtg5Q&s");
insert into patients values(11, 'Mariam','Aleqsanyan', '1978-02-06', 'F', 'marmar78@mail.ru', 'Yerevan','Komitas','9',  '+374-98-22-70-33', "https://semantic-ui.com/images/avatar2/large/lindsay.png");
insert into patients values(12, 'Arman','Arakelyan', '1975-03-18', 'M', 'arman75@mail.ru', 'Yerevan','Baghrmyan','12',  '+374-98-89-79-26',"https://semantic-ui-forest.com/rootstatic/themes/static/images/avatar/large/justen.jpg");
insert into patients values(13, 'Diana','Stepanyan', '1973-01-12', 'F', 'dianadian@mail.ru', 'Yerevan','Tumanyan','16',  '+374-98-78-66-30', "https://encrypted-tbn0.gstatic.com/images?q=tbn%3AANd9GcSRYVuEF_pGJZUoQe3YnabhqA1SmxvPy0HHjdjRP2TyQ_6jaOwH&usqp=CAU");
insert into patients values(14, 'Sona','Hakobyan', '1972-05-13', 'F', 'sssona@mail.ru', 'Yerevan','Komitas','18',  '+374-77-85-16-54', "https://playjoor.com/assets/avatar/eve.png");
insert into patients values(15, 'Martin','Ghevondyan', '1971-06-14', 'M', 'martingh@mail.ru', 'Yerevan','Baghrmyan','15',  '+374-93-87-66-96', "https://encrypted-tbn0.gstatic.com/images?q=tbn%3AANd9GcQF9dk5Pywj-GAbcU_omGjOcsmSDRuK-NWxCKbDmf5jZ8TyubWN&usqp=CAU");
insert into patients values(16, 'Liana','Papazyan', '1986-09-15', 'F', 'lian@mail.ru', 'Yerevan','Amiryan','20',  '+374-93-85-25-56', "https://semantic-ui.com/images/avatar2/large/kristy.png");
insert into patients values(17, 'Hasmik','Harutyunyan', '1981-10-21', 'F', 'hashas@mail.ru', 'Yerevan','Tumanyan','23',  '+374-98-16-70-33', "https://simhub.github.io/justFlipIt/img/jenny.jpg");
insert into patients values(18, 'Syuzi','Sargsyan', '1990-11-22', 'F', 'syuzsyuz@mail.ru', 'Yerevan','Komitas','5',  '+374-93-85-86-16', "https://playjoor.com/assets/avatar/eve.png");
insert into patients values(19, 'Sveta','Arakelyan', '1990-12-20', 'F', 'svetasveta90@mail.ru', 'Yerevan','Komitas','6',  '+374-93-05-26-16',"https://semantic-ui.com/images/avatar2/large/kristy.png");


insert into treatments values ('Amlessa 4mg/5mg - 1 times during day', '2020-01-01', 1,1);
insert into treatments values ('Amlessa 8mg/10mg - 1 times during day', '2020-02-01', 1,1);
insert into treatments values ('Amlo- Denk 5 mg - 1 times during day', '2019-02-02', 1,4);
insert into treatments values ('Prestans 5/10 - 1 times during day - before eating dinner', '2020-02-01', 1,5);
insert into treatments values ('Prestans 5/10 - 2 times during day - before eating dinner', '2020-03-01', 1,5);
insert into treatments values ('Prestans 5/10 - 1 times during day - before eating dinner', '2020-02-01', 2,3);
insert into treatments values ('Prestans 5/10 - 1 times during day - before eating dinner', '2019-03-01', 2,2);
insert into treatments values ('Prestans 5/10 - 2 times during day - before eating dinner', '2019-04-02', 2,2);
insert into treatments values ('Anazstrazol 1 mg - 1 times during day', '2020-03-01', 2,1);
insert into treatments values ('Amlessa 8mg/10mg - 1 times during day', '2019-08-05', 2,1);
insert into treatments values ('Stimulaton 50 mg - 1/2 of 1 piece- at 13.00', '2019-03-11', 3,3);
insert into treatments values ('Stimulation 50 mg - 1 of 1 piece -  at 13.00', '2019-04-15', 3,3);
insert into treatments values ('Bifren 500 mg - 2 times before eating', '2019-04-02', 3,5);
insert into treatments values ('Stimulaton - 1/2 of 1 piece - at 13.00', '2020-03-01', 3,6);
insert into treatments values ('Vitamin D 1000 -2 times during day', '2019-08-05', 3,6);
insert into treatments values ('Vitamin D 1000 -1 times during day', '2019-05-11', 4,4);
insert into treatments values ('Vitamin D 1000 -2 times during day', '2019-07-15', 4,4);
insert into treatments values ('Stimulation 50 mg- 1 piece -  at 13.00', '2019-04-02', 4,5);
insert into treatments values ('Stimulation 50 mg- 1 piece-  at 13.00', '2020-03-01', 4,6);
insert into treatments values ('Prestans 5/10 - 1 times before meal', '2019-08-05', 4,6);
insert into treatments values ('Amlo- Denk 5 mg - 1 times during day', '2019-05-12', 5,2);
insert into treatments values ('Amlo- Denk 10 mg - 1 times during day', '2019-07-12', 5,2);
insert into treatments values ('Vitamin D 1000 mg - 2 times during day', '2019-04-03', 5,3);
insert into treatments values ('Vitamin D 5000 mg - 1 times during day', '2019-05-14', 5,3);
insert into treatments values ('Vitamin D 1000 mg - 2 times during day', '2019-08-15', 5,6);
insert into treatments values ('Adaptol 500 mg - 1 times during day', '2019-05-12', 4,12);
insert into treatments values ('Amlessa 8 mg/10 mg - 1 times during day', '2019-07-12', 3,18);
insert into treatments values ('Adaptol 500 mg - 1 times during day', '2019-04-03', 2,16);
insert into treatments values ('Aevit - 1 times during day', '2019-05-14', 1,18);
insert into treatments values ('Amiksin 100mg - 1 times during day', '2019-08-15', 6,7);
insert into treatments values ('Apilak 10 mg -1 times during day', '2019-06-12', 6,7);
insert into treatments values ('Arifam 1 mg/10 mg - 1 times during day', '2019-07-13', 6,9);
insert into treatments values ('Anazstrazol 1 mg - 1 times during day', '2019-02-23', 6,12);
insert into treatments values ('Amlocim 10 mg - 1 times during day', '2019-05-24', 6,13);
insert into treatments values ('Arginin 250 mg - 1 times during day', '2019-06-28', 6,13);
insert into treatments values ('Amiksin 100 mg - 1 times during day', '2019-09-24', 6,13);
insert into treatments values ('Apilak 10 mg -1 times during day', '2019-08-21', 7,14);
insert into treatments values ('Anazstrazol 1 mg - 1 times during day', '2019-03-22', 7,14);
insert into treatments values ('Arifam 1mg/10mg - 1 times during day', '2019-04-08', 7,15);
insert into treatments values ('Apilak 10 mg -1 times during day', '2019-05-13', 7,9);
insert into treatments values ('Anazstrazol 1 mg - 1 times during day', '2019-06-26', 7,8);
insert into treatments values ('Amiksin 100mg - 1 times during day', '2019-08-27', 7,7);
insert into treatments values ('Arginin 250mg - 1 times during day', '2019-05-13', 7,2);
insert into treatments values ('ArmoLipid - 1 times during day', '2019-07-22', 8,2);
insert into treatments values ('Amiksin 100mg - 1 times during day', '2019-04-13', 8,4);
insert into treatments values ('Arifam 1mg/10mg - 1 times during day', '2019-07-11', 8,1);
insert into treatments values ('Arginin 250mg - 1 times during day', '2019-08-25', 8,7);
insert into treatments values ('Aromazin 25mg - 1 times during day', '2019-01-12', 8,9);
insert into treatments values ('Arifam 1mg/10mg - 1 times during day', '2019-07-13', 8,10);
insert into treatments values ('Amlo- Denk 5 mg - 1 times during day', '2019-09-03', 8,10);
insert into treatments values ('Kardiomagnil - 1 times during day', '2019-05-14', 9,3);
insert into treatments values ('Kardiomagnil - 1 times during day', '2019-08-21', 9,6);
insert into treatments values ('Amiksin 100mg - 1 times during day', '2019-05-22', 9,11);
insert into treatments values ('Amlocim 10mg - 1 times during day', '2019-07-21', 9,14);
insert into treatments values ('Amiksin 100mg - 1 times during day', '2019-08-13', 9,14);
insert into treatments values ('Amiksin 100mg - 1 times during day', '2019-06-05', 10,4);
insert into treatments values ('Kardiomagnil - 1 times during day', '2019-01-15', 10,5);
insert into treatments values ('Valeryana - before going to bad', '2019-02-12', 10,5);
insert into treatments values ('Avodart 0.5mg - 1 times during day', '2019-03-15', 10,6);
insert into treatments values ('Avodart 1mg - 1 times during day', '2019-06-03', 10,6);
insert into treatments values ('Amlessa 8mg/10mg - 1 times during day', '2019-05-14', 10,9);
insert into treatments values ('Amlocim 10mg - 1 times during day', '2019-08-15', 10,9);
insert into treatments values ('Amlo- Denk 5 mg - 1 times during day', '2019-05-12', 11,10);
insert into treatments values ('Amlessa 8mg/10mg - 1 times during day', '2019-07-12', 11,10);
insert into treatments values ('Selen 600 mg - 1 times during eating', '2019-04-03', 11,11);
insert into treatments values ('Arifam 1mg/10mg - 1 times during day', '2019-05-14', 11,12);
insert into treatments values ('Apilak 10 mg -1 times during day', '2019-08-15', 11,13);
insert into treatments values ('Anazstrazol 1 mg - 1 times during day', '2019-05-12', 11,14);
insert into treatments values ('Avodart 0.5mg - 1 times during day', '2019-07-12', 11,2);
insert into treatments values ('Edokrinol 500 - 2  drugs after meal', '2019-04-28', 12,3);
insert into treatments values ('Selen 600 mg - 1 times during eating', '2019-05-14', 12,15);
insert into treatments values ('Amiksin 100mg - 1 times during day', '2019-08-15', 12,12);
insert into treatments values ('Amlessa 8mg/10mg - 1 times during day', '2019-09-12', 12,12);
insert into treatments values ('Anazstrazol 1 mg - 1 times during day', '2019-07-12', 13,2);
insert into treatments values ('Selen 600 mg - 1 times during eating', '2019-04-03', 13,3);
insert into treatments values ('Endokrinol 500 mg - 2 drugs after meal', '2019-05-14', 13,3);
insert into treatments values ('Aveloks 400 mg - 1 times during day ', '2019-08-15', 13,6);
insert into treatments values ('Amiksin 100mg - 1 times during day', '2019-05-12', 13,2);
insert into treatments values ('Analgin 500mg -1 times during day', '2019-07-12', 14,10);
insert into treatments values ('Amlessa 8mg/10mg - 1 times during day', '2019-04-21', 14,15);
insert into treatments values ('Analgin 500mg -1 times during day', '2019-05-28', 14,15);
insert into treatments values ('Amlocim 10mg - 1 times during day', '2019-08-10', 14,15);
insert into treatments values ('Amiksin 100mg - 1 times during day', '2019-05-12', 15,1);
insert into treatments values ('Avodart 0.5mg - 1 times during day', '2019-07-12', 15,13);
insert into treatments values ('Amlessa 8mg/10mg - 1 times during day', '2019-04-03', 15,14);
insert into treatments values ('Arginin 250mg - 1 times during day', '2019-05-14', 15,7);
insert into treatments values ('Arifam 1mg/10mg - 1 times during day', '2019-08-15', 15,7);
insert into treatments values ('Selen 600 mg - 1 times during eating', '2019-05-12', 16,7);
insert into treatments values ('Arifam 1mg/10mg - 1 times during day', '2019-07-12', 16,8);
insert into treatments values ('Arginin 250mg - 1 times during day', '2019-04-03', 16,9);
insert into treatments values ('Arifam 2mg/10mg - 1 times during day', '2019-05-14', 16,10);
insert into treatments values ('Aveloks 400 mg - 1 times during day ', '2019-08-15', 17,6);
insert into treatments values ('Aveloks 400 mg - 2 times during day ', '2019-09-12', 17,6);
insert into treatments values ('Kardiomagnil - 1 times during day', '2019-07-12', 17,5);
insert into treatments values ('Anazstrazol 1 mg - 1 times during day', '2019-04-03', 17,9);
insert into treatments values ('Aromazin 25mg - 1 times during day', '2019-05-14', 17,10);
insert into treatments values ('Arginin 250mg - 1 times during day', '2019-08-15', 18,7);
insert into treatments values ('Avodart 0.5mg - 1 times during day', '2019-05-12', 18,4);
insert into treatments values ('Bifren 500 - before eating', '2019-07-12', 18,5);
insert into treatments values ('Avilak GG 500 mg - 1 times during day', '2019-04-03', 18,6);
insert into treatments values ('Anazstrazol 1 mg - 1 times during day', '2019-05-14', 19,14);
insert into treatments values ('Avodart 0.5mg - 1 times during day', '2019-08-15', 19,14);
insert into treatments values ('Azimak 500 mg - 1 times during day', '2019-05-12', 19,16);
insert into treatments values ('Azitros 250mg - 2 times during meal', '2019-07-12', 19,8);
insert into treatments values ('Vitamin D  5000 - 1 times', '2019-04-03', 19,3);
insert into treatments values ('Stimulaton 1/2 - at 13.00', '2019-05-14', 20,3);
insert into treatments values ('Afastin 100mg/4ml - 1 times during day ', '2019-08-15', 20,6);
insert into treatments values ('Analgin 500 mg -1 times during day', '2019-05-12', 20,2);
insert into treatments values ('Afastin 400 mg/16 ml - 1 times during day ', '2019-09-12', 20,6 );
insert into treatments values ('Amlessa 8mg/10mg - 1 times during day', '2019-04-03', 21,13);
insert into treatments values ('Arifam 1mg/10mg - 1 times during day', '2019-05-14', 21,13);
insert into treatments values ('Azitros 250 mg - 2 times during meal', '2019-08-15', 21,16);
insert into treatments values ('Azitros 250 mg - 2 times during meal', '2019-05-12', 21,12);
insert into treatments values ('Amlessa 8 mg/10 mg - 1 times during day', '2019-09-12', 21,17);
insert into treatments values ('Aromazin 25 mg - 1 times during day', '2019-05-12', 21,17);
insert into treatments values ('ArmoLipid - 1 times during day', '2019-07-12', 22,12);
insert into treatments values ('Avodart 0.5 mg - 1 times during day', '2019-04-03', 22,13);
insert into treatments values ('Apilak 10 mg -1 times during day', '2019-05-10', 22,8);
insert into treatments values ('Azitros 250 mg - 2 times during meal', '2019-08-18', 22,9);
insert into treatments values ('B complex vitamins', '2019-05-12', 22,1);
insert into treatments values ('Alfavit - 2 times during day', '2019-05-12', 22,18);
insert into treatments values ('Amrail 1 mg - 1 times during day', '2019-09-12', 22,18);
insert into treatments values ('Azitros 250mg - 2 times during meal', '2019-07-12', 23,12);
insert into treatments values ('ArmoLipid - 1 times during day', '2019-04-03', 23,11);
insert into treatments values ('Avizor komfort 15 ml - 1 times during day', '2019-05-14', 23,6);
insert into treatments values ('Analgin 500mg -1 times during day', '2019-08-15', 23,8);
insert into treatments values ('Apilak 10 mg -1 times during day', '2019-05-12', 23,9);
insert into treatments values ('Azitros 250mg - 2 times during meal', '2019-07-12', 24,2);
insert into treatments values ('Aromazin 25mg - 1 times during day', '2019-04-23', 24,4);
insert into treatments values ('B complex vitamins', '2019-05-14', 24,5);
insert into treatments values ('Analgin 500mg -1 times during day', '2019-08-15', 24,6);
insert into treatments values ('ArmoLipid - 1 times during day', '2019-05-12', 24,7);
insert into treatments values ('Apilak 10 mg -1 times during day', '2019-05-13', 24,17);
insert into treatments values ('Aromazin 2 5mg - 1 times during day', '2019-07-02', 1,19);
insert into treatments values ('B complex vitamins', '2019-08-03', 1,19);
insert into treatments values ('Apilak 10 mg -1 times during day', '2019-09-14', 1,19);
insert into treatments values ('ArmoLipid - 1 times during day', '2019-07-02', 2,17);
insert into treatments values ('Amaril 2 mg - 1 times during day', '2019-08-03', 2,18);
insert into treatments values ('Amaril 4 mg - 1 times during day', '2019-09-14', 3,16);
insert into treatments values ('Azitros 250 mg - 2 times during meal', '2019-07-02', 4,15);
insert into treatments values ('Azitros 500 mg - 1 times during meal', '2019-08-03', 5,10);
insert into treatments values ('ArmoLipid - 1 times during day', '2019-09-14', 5,10);
